title,date_published,article_link,text
Deutsche Bank overhaul derailed by coronavirus fallout,"APRIL 1, 2020",https://www.ft.com/content/ab5dbaea-12eb-415b-8943-0a69aa4003b7,
Banks pushed to waive personal guarantees for SME coronavirus loans,31-Mar-20,https://www.ft.com/content/7e3a7361-c94f-4171-81c4-865cfa9de64d,
How are US banks affected by coronavirus? What we know and what we don’t,31-Mar-20,https://www.ft.com/content/2eb66bd9-2bd3-4bf3-81ab-2ab323674dd2,
China’s big four banks face coronavirus profit hit,"APRIL 1, 2020",https://www.ft.com/content/606e5e25-f537-4c57-8376-c8343a69c73f,
Will the coronavirus crisis rehabilitate the banks?,"APRIL 1, 2020",https://www.ft.com/content/3bb2fefc-726c-11ea-ad98-044200cb277f,
title,date_published,article_link,text
Deutsche Bank overhaul derailed by coronavirus fallout,"APRIL 1, 2020",https://www.ft.com/content/ab5dbaea-12eb-415b-8943-0a69aa4003b7,
Philippines vows to ‘do everything necessary’ to avoid recession,"APRIL 1, 2020",https://www.ft.com/content/4f256dae-880d-4c97-8230-ec1264af6095,
Banks pushed to waive personal guarantees for SME coronavirus loans,31-Mar-20,https://www.ft.com/content/7e3a7361-c94f-4171-81c4-865cfa9de64d,
How are US banks affected by coronavirus? What we know and what we don’t,31-Mar-20,https://www.ft.com/content/2eb66bd9-2bd3-4bf3-81ab-2ab323674dd2,
China’s big four banks face coronavirus profit hit,"APRIL 1, 2020",https://www.ft.com/content/606e5e25-f537-4c57-8376-c8343a69c73f,
Foreigners sell record haul of Indian assets due to coronavirus,"APRIL 1, 2020",https://www.ft.com/content/f2d90d4c-a800-4942-a913-85b179849c07,
"Market recovery will unravel as coronavirus fallout mounts, warns Oaktree’s Marks","APRIL 1, 2020",https://www.ft.com/content/5897cd66-020a-401e-8f1a-8f688d1d09ca,
"US credit/BDCs: small loans, big risks ","APRIL 1, 2020",https://www.ft.com/content/085feb9f-6d4c-4aef-9069-44781393ad88,
Will the coronavirus crisis rehabilitate the banks?,"APRIL 1, 2020",https://www.ft.com/content/3bb2fefc-726c-11ea-ad98-044200cb277f,
France proposes EU coronavirus rescue fund,"APRIL 1, 2020",https://www.ft.com/content/3f6c31fb-c59c-4aa0-88fd-275a880dad1a,
European regulator urges banks to comply with dividend ban,31-Mar-20,https://www.ft.com/content/286e2a81-c872-4d67-b760-c9ed722e7f44,
UK bank shares plunge after sector halts dividends on BoE warning,"APRIL 1, 2020",https://www.ft.com/content/17d36c36-7d8a-440c-927a-6e7e297509db,
How central banks beat back the ‘bond vigilantes’ ,"APRIL 1, 2020",https://www.ft.com/content/10ccd445-1703-42d2-8fba-169404a0af8a,
Virus threatens to push developing Asia economies into recession,31-Mar-20,https://www.ft.com/content/4f0c7a40-1512-4ee6-bb58-fc59ad845eff,
Shale group Whiting files for Chapter 11,"APRIL 1, 2020",https://www.ft.com/content/116fe93a-6fe7-400a-aedf-840ba9738743,
Banks stand to make billions from US small business rescue,"APRIL 1, 2020",https://www.ft.com/content/c584885c-6d64-4531-99e6-334c6ec0c57c,
British lenders suspend dividends after BoE pressure,"APRIL 1, 2020",https://www.ft.com/content/c13d3d21-b6f3-4449-a916-2ba4271818e4,
Fed sets up scheme to meet foreign demand for dollars,31-Mar-20,https://www.ft.com/content/6c976586-a6ea-42ec-a369-9353186c05bb,
FirstFT: Today’s top news,31-Mar-20,https://www.ft.com/content/66e58ed8-973f-41f4-9d95-a0ae25025a4a,
Germany braced for jobless surge as companies rush for state funds,31-Mar-20,https://www.ft.com/content/5486b247-c73e-4887-a2b2-528b23e301a6,
FirstFT: Today’s top stories,"APRIL 1, 2020",https://www.ft.com/content/eeb70bf4-199c-4127-9f4e-4a97988d2f44,
Commercial paper market still creaking despite Fed measures,"APRIL 1, 2020",https://www.ft.com/content/326d5e19-8f48-422d-977d-d10f30295a78,
Opening Quote: Banks pressured to suspend dividend payments,"APRIL 1, 2020",https://www.ft.com/content/c6cb8b3d-0030-4e5e-a6a0-23458d38bb33,
Untested digital finance fix for Covid-19 is folly,31-Mar-20,https://www.ft.com/content/120f8d60-7346-11ea-ad98-044200cb277f,
Turns out US sanctions on Huawei are highly porous,"APRIL 1, 2020",https://www.ft.com/content/c0bfd4fc-c89e-4dd6-b3bd-3f12485711dc,
